symbol,direction,entry_time,entry_price,sl,tp1,tp2,tp3,confluences,exit_time,exit_reason,rr_realized,pnl_dollar,equity
US30,long,2018-07-24 00:00:00+00:00,25154.169921875,24888.92068917411,25419.41915457589,25684.668387276783,25949.917619977674,OB+FVG+BOS,2018-08-02 00:00:00+00:00,tp1_sl,0.33,33.0,10033.0
US500,long,2018-07-30 00:00:00+00:00,2843.169921875,2799.2607770647323,2887.0790666852677,2930.9882114955353,2974.897356305803,OB+FVG+BOS,2018-08-02 00:00:00+00:00,sl,-1.0,-100.0,9933.0
US500,long,2018-08-10 00:00:00+00:00,2825.830078125,2786.3136596679688,2865.3464965820312,2904.8629150390625,2944.3793334960938,OB+FVG+BOS,2018-10-10 00:00:00+00:00,tp2_sl,0.99,99.0,10032.0
US100,long,2018-08-22 00:00:00+00:00,7395.75,7352.020856584822,7439.479143415178,7475.434640066964,7511.39013671875,OB+BOS,2018-08-27 00:00:00+00:00,tp3,1.8304542184491654,183.04542184491655,10215.045421844916
US2000,long,2018-09-05 00:00:00+00:00,1740.800048828125,1714.612099783761,1766.987997872489,1793.1759469168528,1819.3638959612167,OB+FVG+BOS,2018-09-06 00:00:00+00:00,sl,-1.0,-100.0,10115.045421844916
US100,long,2018-09-05 00:00:00+00:00,7643.4501953125,7545.674734933035,7741.225655691965,7839.001116071429,7936.776576450894,OB+FVG+BOS,2018-09-06 00:00:00+00:00,sl,-1.0,-100.0,10015.045421844916
US2000,long,2018-09-13 00:00:00+00:00,1718.949951171875,1697.220663888114,1740.679238455636,1741.3846021379743,1742.0899658203125,OB+BOS,2018-09-26 00:00:00+00:00,sl,-1.0,-100.0,9915.045421844916
US30,long,2018-10-11 00:00:00+00:00,25235.369140625,24867.665876116072,25603.072405133928,26277.441476004464,26951.810546875,OB+FVG+BOS,2018-10-23 00:00:00+00:00,tp1_sl,0.33,33.0,9948.045421844916
US100,short,2018-10-19 00:00:00+00:00,7133.2900390625,7331.1700439453125,6935.4100341796875,6914.150085449219,6892.89013671875,OB+FVG+BOS,2018-10-24 00:00:00+00:00,tp3,1.1085129759850663,110.85129759850662,10058.896719443423
US2000,short,2018-10-30 00:00:00+00:00,1470.530029296875,1531.9953918457031,1409.0646667480469,1347.5993041992188,1286.1339416503906,OB+FVG+BOS,2018-11-01 00:00:00+00:00,sl,-1.0,-100.0,9958.896719443423
US100,short,2018-11-01 00:00:00+00:00,6924.08984375,7137.257254464285,6710.922433035715,6642.836216517857,6574.75,OB+BOS,2018-11-07 00:00:00+00:00,sl,-1.0,-100.0,9858.896719443423
US30,short,2018-11-01 00:00:00+00:00,25008.8203125,25583.37618582589,24434.26443917411,24278.247453962053,24122.23046875,OB+BOS,2018-11-06 00:00:00+00:00,sl,-1.0,-100.0,9758.896719443423
US500,short,2018-11-05 00:00:00+00:00,2708.85009765625,2785.642900739397,2632.057294573103,2617.7986668178014,2603.5400390625,OB+BOS,2018-11-07 00:00:00+00:00,sl,-1.0,-100.0,9658.896719443423
US2000,short,2018-11-07 00:00:00+00:00,1544.6500244140625,1575.0549883161273,1514.2450605119977,1486.7025473458425,1459.1600341796875,OB+BOS,2018-11-08 00:00:00+00:00,sl,-1.0,-100.0,9558.896719443423
US500,short,2018-11-12 00:00:00+00:00,2737.080078125,2784.0654296875,2690.0947265625,2646.8173828125,2603.5400390625,OB+BOS,2018-11-16 00:00:00+00:00,tp1_sl,0.33,33.0,9591.896719443423
US2000,short,2018-11-30 00:00:00+00:00,1486.3399658203125,1548.9007001604352,1423.7792314801898,1361.218497140067,1298.6577627999443,OB+BOS,2018-12-03 00:00:00+00:00,sl,-1.0,-100.0,9491.896719443423
US500,short,2018-11-30 00:00:00+00:00,2722.93994140625,2776.0582275390625,2669.8216552734375,2636.6808471679688,2603.5400390625,OB+FVG+BOS,2018-12-03 00:00:00+00:00,sl,-1.0,-100.0,9391.896719443423
US100,short,2018-12-03 00:00:00+00:00,7057.7099609375,7207.0908203125,6908.3291015625,6675.344482421875,6442.35986328125,OB+FVG+BOS,2018-12-17 00:00:00+00:00,tp3,2.5752651733064864,257.52651733064863,9649.423236774071
US500,short,2018-12-13 00:00:00+00:00,2583.22998046875,2710.4396013532364,2456.0203595842636,2328.810738699777,2201.6011178152908,OB+FVG+BOS,2019-01-09 00:00:00+00:00,tp1_sl,0.33,33.0,9682.423236774071
US100,short,2019-01-03 00:00:00+00:00,6198.68017578125,6495.943795340402,5901.416556222098,5898.268336704799,5895.1201171875,OB+FVG,2019-01-07 00:00:00+00:00,sl,-1.0,-100.0,9582.423236774071
US2000,short,2019-02-12 00:00:00+00:00,1529.530029296875,1562.9210510253906,1496.1390075683594,1410.6595306396484,1325.1800537109375,OB+FVG+BOS,2019-02-15 00:00:00+00:00,sl,-1.0,-100.0,9482.423236774071
US100,long,2019-02-22 00:00:00+00:00,7063.06982421875,6964.111572265625,7162.028076171875,7260.986328125,7359.944580078125,OB+FVG+BOS,2019-03-07 00:00:00+00:00,tp1_sl,0.33,33.0,9515.423236774071
US30,short,2019-02-25 00:00:00+00:00,26081.900390625,26204.715680803572,25959.085100446428,24831.167550223214,23703.25,OB+FVG+BOS,2019-03-01 00:00:00+00:00,tp1_sl,0.33,33.0,9548.423236774071
US500,long,2019-03-01 00:00:00+00:00,2813.489990234375,2763.4373779296875,2863.5426025390625,2913.59521484375,2963.6478271484375,OB+FVG+BOS,2019-03-07 00:00:00+00:00,sl,-1.0,-100.0,9448.423236774071
US30,long,2019-03-05 00:00:00+00:00,26155.98046875,25487.86837332589,26824.09256417411,27492.204659598217,28160.316755022326,OB+FVG+BOS,2019-03-07 00:00:00+00:00,sl,-1.0,-100.0,9348.423236774071
US2000,long,2019-03-05 00:00:00+00:00,1594.239990234375,1556.8885541643415,1631.5914263044085,1668.942862374442,1706.2942984444755,OB+FVG+BOS,2019-03-06 00:00:00+00:00,sl,-1.0,-100.0,9248.423236774071
US30,long,2019-03-12 00:00:00+00:00,25645.44921875,25087.59981863839,26203.29861886161,26222.359270368303,26241.419921875,OB+FVG+BOS,2019-04-01 00:00:00+00:00,tp3,1.0345097763265685,103.45097763265684,9351.87421440673
US2000,long,2019-03-22 00:00:00+00:00,1561.739990234375,1529.0696280343193,1594.4103524344307,1598.2551640101842,1602.0999755859375,OB+BOS,2019-03-25 00:00:00+00:00,sl,-1.0,-100.0,9251.87421440673
US500,long,2019-03-27 00:00:00+00:00,2846.159912109375,2789.4978550502233,2902.8219691685267,2959.4840262276784,3016.14608328683,OB+BOS,2019-05-09 00:00:00+00:00,tp1_sl,0.33,33.0,9284.87421440673
US30,long,2019-05-09 00:00:00+00:00,25758.169921875,25442.600167410714,26073.739676339286,26384.850306919645,26695.9609375,OB+FVG+BOS,2019-05-13 00:00:00+00:00,sl,-1.0,-100.0,9184.87421440673
US2000,long,2019-05-13 00:00:00+00:00,1530.050048828125,1521.673549107143,1538.426548549107,1578.3982718331472,1618.3699951171875,OB+FVG+BOS,2019-05-15 00:00:00+00:00,tp1_sl,0.33,33.0,9217.87421440673
US30,long,2019-05-15 00:00:00+00:00,25568.060546875,25208.660016741072,25927.461077008928,26311.711007254464,26695.9609375,OB+BOS,2019-05-20 00:00:00+00:00,tp1_sl,0.33,33.0,9250.87421440673
US100,long,2019-06-03 00:00:00+00:00,7097.91015625,7010.256853376116,7185.563459123884,7518.7668369838175,7851.97021484375,OB+FVG+BOS,2019-07-03 00:00:00+00:00,tp3,4.83939224883221,483.939224883221,9734.81343928995
US30,short,2019-06-12 00:00:00+00:00,25768.720703125,26396.91720145089,25140.52420479911,24910.547258649553,24680.5703125,OB+BOS,2019-06-18 00:00:00+00:00,sl,-1.0,-100.0,9634.81343928995
US2000,short,2019-06-18 00:00:00+00:00,1523.25,1548.6292463030134,1497.8707536969866,1479.180371965681,1460.489990234375,OB+BOS,2019-06-19 00:00:00+00:00,sl,-1.0,-100.0,9534.81343928995
US2000,long,2019-07-12 00:00:00+00:00,1567.949951171875,1544.020032610212,1591.879869733538,1615.809788295201,1639.7397068568641,OB+BOS,2019-07-22 00:00:00+00:00,sl,-1.0,-100.0,9434.81343928995
US100,long,2019-07-19 00:00:00+00:00,7941.10009765625,7791.991995675223,8090.208199637277,8239.316301618304,8388.424403599332,OB+FVG+BOS,2019-07-31 00:00:00+00:00,sl,-1.0,-100.0,9334.81343928995
US30,long,2019-07-26 00:00:00+00:00,27298.4296875,26975.98270089286,27620.87667410714,27943.323660714283,28265.770647321424,OB+BOS,2019-07-31 00:00:00+00:00,sl,-1.0,-100.0,9234.81343928995
US100,long,2019-08-01 00:00:00+00:00,7979.2001953125,7733.664446149553,8224.735944475447,8470.271693638393,8715.807442801339,OB+FVG+BOS,2019-08-02 00:00:00+00:00,sl,-1.0,-100.0,9134.81343928995
US2000,long,2019-08-01 00:00:00+00:00,1554.2900390625,1543.2199532645088,1565.3601248604912,1582.3800746372767,1599.4000244140625,OB+FVG+BOS,2019-08-02 00:00:00+00:00,sl,-1.0,-100.0,9034.81343928995
US500,long,2019-08-01 00:00:00+00:00,3017.39990234375,2947.0604422433034,3087.7393624441966,3158.078822544643,3228.4182826450897,OB+FVG+BOS,2019-08-02 00:00:00+00:00,sl,-1.0,-100.0,8934.81343928995
US30,long,2019-08-08 00:00:00+00:00,26259.23046875,25271.99393136161,27246.46700613839,27322.573346819197,27398.6796875,OB+BOS,2019-10-02 00:00:00+00:00,tp1_sl,0.33,33.0,8967.81343928995
US2000,short,2019-08-13 00:00:00+00:00,1502.3199462890625,1526.8060913085938,1477.8338012695312,1475.2469177246094,1472.6600341796875,OB+FVG+BOS,2019-08-14 00:00:00+00:00,tp3,1.1067032960185055,110.67032960185055,9078.4837688918
US500,long,2019-08-23 00:00:00+00:00,2894.14990234375,2837.1853550502233,2951.1144496372767,2989.547215053013,3027.97998046875,OB+FVG+BOS,2019-10-02 00:00:00+00:00,tp2_sl,0.8826439634785661,88.2643963478566,9166.748165239656
US100,long,2019-08-23 00:00:00+00:00,7764.7900390625,7571.220860072544,7958.359218052456,7992.769696916853,8027.18017578125,OB+FVG+BOS,2019-08-26 00:00:00+00:00,sl,-1.0,-100.0,9066.748165239656
US2000,short,2019-08-23 00:00:00+00:00,1498.5400390625,1529.5956813267298,1467.4843967982702,1461.8822130475726,1456.280029296875,OB+FVG+BOS,2019-08-27 00:00:00+00:00,tp3,1.1821957356432367,118.21957356432367,9184.96773880398
US2000,short,2019-09-04 00:00:00+00:00,1478.47998046875,1506.5203813825335,1450.4395795549665,1450.3797629220144,1450.3199462890625,OB+FVG+BOS,2019-09-05 00:00:00+00:00,sl,-1.0,-100.0,9084.96773880398
US2000,long,2019-11-14 00:00:00+00:00,1604.6400146484375,1573.61470249721,1635.665326799665,1666.6906389508927,1697.7159511021202,OB+BOS,2020-01-16 00:00:00+00:00,tp3,2.01,200.99999999999997,9285.96773880398
US100,long,2019-12-04 00:00:00+00:00,8409.8701171875,8131.704084123884,8688.036150251115,8966.202183314732,9244.368216378349,OB+FVG+BOS,2020-01-24 00:00:00+00:00,tp3,2.010000000000001,201.0000000000001,9486.96773880398
US500,long,2019-12-31 00:00:00+00:00,3240.919921875,3208.119367327009,3273.720476422991,3306.521030970982,3339.321585518973,OB+FVG+BOS,2020-01-27 00:00:00+00:00,tp2_sl,0.99,99.0,9585.96773880398
US30,long,2019-12-31 00:00:00+00:00,28664.689453125,28346.75655691964,28982.62234933036,29300.555245535717,29618.488141741076,OB+FVG+BOS,2020-01-27 00:00:00+00:00,tp2_sl,0.99,99.0,9684.96773880398
US100,long,2020-01-29 00:00:00+00:00,9272.3701171875,8943.432791573661,9601.307442801339,9930.244768415178,10259.182094029016,OB+FVG+BOS,2020-02-24 00:00:00+00:00,tp1_sl,0.33,33.0,9717.96773880398
US500,long,2020-02-04 00:00:00+00:00,3282.330078125,3219.1170741489955,3345.5430821010045,3408.756086077009,3471.9690900530136,OB+FVG+BOS,2020-02-24 00:00:00+00:00,tp1_sl,0.33,33.0,9750.96773880398
US2000,short,2020-02-10 00:00:00+00:00,1667.3800048828125,1684.766810825893,1649.993198939732,1630.3166067940847,1610.6400146484375,OB+FVG+BOS,2020-02-11 00:00:00+00:00,sl,-1.0,-100.0,9650.96773880398
US2000,short,2020-02-18 00:00:00+00:00,1680.3800048828125,1704.9303937639509,1655.8296160016741,1633.234815325056,1610.6400146484375,OB+FVG+BOS,2020-02-25 00:00:00+00:00,tp3,1.929547340120435,192.9547340120435,9843.922472816024
US30,long,2020-02-21 00:00:00+00:00,29368.44921875,28795.850725446428,29941.047712053572,30513.646205357145,31086.244698660717,OB+FVG+BOS,2020-02-24 00:00:00+00:00,sl,-1.0,-100.0,9743.922472816024
US500,short,2020-03-26 00:00:00+00:00,2407.530029296875,2669.1588396344864,2145.9012189592636,1884.2724086216522,1622.6435982840408,OB+FVG,2020-04-06 00:00:00+00:00,sl,-1.0,-100.0,9643.922472816024
US30,short,2020-03-26 00:00:00+00:00,20538.33984375,22899.86209542411,18176.81759207589,15815.295340401783,13453.773088727674,OB+FVG,2020-04-07 00:00:00+00:00,sl,-1.0,-100.0,9543.922472816024
US100,short,2020-04-13 00:00:00+00:00,8058.41015625,8501.342267717633,7615.478044782367,7193.694100516183,6771.91015625,OB+FVG,2020-04-14 00:00:00+00:00,sl,-1.0,-100.0,9443.922472816024
US500,short,2020-04-13 00:00:00+00:00,2663.300048828125,2823.617501395089,2502.982596261161,2347.421351841518,2191.860107421875,OB+FVG,2020-04-14 00:00:00+00:00,sl,-1.0,-100.0,9343.922472816024
US2000,short,2020-04-17 00:00:00+00:00,1224.1500244140625,1249.9949515206474,1198.3050973074776,1082.2625340053014,966.219970703125,OB+FVG,2020-04-23 00:00:00+00:00,tp1_sl,0.33,33.0,9376.922472816024
US500,short,2020-04-23 00:00:00+00:00,2830.8798828125,2913.2557198660716,2748.5040457589284,2470.1820765904017,2191.860107421875,OB+FVG,2020-04-28 00:00:00+00:00,sl,-1.0,-100.0,9276.922472816024
US30,short,2020-04-23 00:00:00+00:00,23817.150390625,24499.97384207589,23134.32693917411,20673.988664899553,18213.650390625,OB+FVG,2020-04-28 00:00:00+00:00,sl,-1.0,-100.0,9176.922472816024
US100,short,2020-04-28 00:00:00+00:00,8599.990234375,8995.598754882812,8204.381713867188,7488.145935058594,6771.91015625,OB+FVG,2020-04-29 00:00:00+00:00,sl,-1.0,-100.0,9076.922472816024
US30,short,2020-04-30 00:00:00+00:00,23840.609375,24804.66238839286,22876.55636160714,20545.103376116072,18213.650390625,OB+FVG,2020-05-18 00:00:00+00:00,tp1_sl,0.33,33.0,9109.922472816024
US100,short,2020-05-01 00:00:00+00:00,8599.990234375,9025.90101841518,8174.079450334821,7472.99480329241,6771.91015625,OB+FVG,2020-05-05 00:00:00+00:00,sl,-1.0,-100.0,9009.922472816024
US500,short,2020-05-08 00:00:00+00:00,2912.159912109375,2964.6777779715403,2859.6420462472097,2653.5660182407923,2447.489990234375,OB+FVG,2020-05-18 00:00:00+00:00,tp1_sl,0.33,33.0,9042.922472816024
US2000,long,2020-05-12 00:00:00+00:00,1284.9200439453125,1248.2739039829798,1321.5661839076452,1347.4780992780413,1373.3900146484375,OB+FVG+BOS,2020-05-13 00:00:00+00:00,sl,-1.0,-100.0,8942.922472816024
US100,long,2020-05-14 00:00:00+00:00,8887.580078125,8557.48960658482,9217.67054966518,9286.060372488839,9354.4501953125,OB+FVG+BOS,2020-05-18 00:00:00+00:00,tp3,1.209256937134851,120.92569371348509,9063.84816652951
US100,long,2020-05-28 00:00:00+00:00,9570.5302734375,9085.641287667411,10055.419259207589,10540.308244977678,11025.197230747766,OB+FVG+BOS,2020-06-12 00:00:00+00:00,tp1_sl,0.33,33.0,9096.84816652951
US100,long,2020-06-15 00:00:00+00:00,9849.009765625,9396.495221819196,10301.524309430804,10754.038853236609,11206.553397042413,OB+FVG+BOS,2020-06-26 00:00:00+00:00,tp1_sl,0.33,33.0,9129.84816652951
US2000,long,2020-06-16 00:00:00+00:00,1458.3399658203125,1318.9188929966517,1597.7610386439733,1737.182111467634,1876.6031842912948,OB+FVG+BOS,2020-09-23 00:00:00+00:00,tp1_sl,0.33,33.0,9162.84816652951
US500,long,2020-06-26 00:00:00+00:00,3115.010009765625,2988.730390276228,3241.289629255022,3367.5692487444194,3493.8488682338166,OB+BOS,2020-08-27 00:00:00+00:00,tp3,2.01,200.99999999999997,9363.84816652951
US30,long,2020-06-26 00:00:00+00:00,25992.9609375,24873.04268973214,27112.87918526786,27346.545061383928,27580.2109375,OB+BOS,2020-08-10 00:00:00+00:00,tp3,1.2107319309669382,121.07319309669381,9484.921359626203
US100,long,2020-06-30 00:00:00+00:00,10093.98046875,9625.902518136161,10562.058419363839,11030.136369977678,11498.214320591516,OB+FVG+BOS,2020-08-21 00:00:00+00:00,tp3,2.01,200.99999999999997,9685.921359626203
US30,long,2020-08-21 00:00:00+00:00,27920.419921875,27383.58035714286,28457.25948660714,28994.099051339283,29530.938616071424,OB+BOS,2020-09-04 00:00:00+00:00,tp2_sl,0.99,99.0,9784.921359626203
US30,long,2020-09-11 00:00:00+00:00,28174.779296875,27197.50118582589,29152.05740792411,29175.703508649553,29199.349609375,OB+FVG+BOS,2020-09-21 00:00:00+00:00,sl,-1.0,-100.0,9684.921359626203
US500,long,2020-09-11 00:00:00+00:00,3425.550048828125,3298.692147391183,3552.407950265067,3570.2590288434712,3588.110107421875,OB+FVG+BOS,2020-09-18 00:00:00+00:00,sl,-1.0,-100.0,9584.921359626203
US500,long,2020-09-22 00:00:00+00:00,3362.27001953125,3256.1973964146205,3468.3426426478795,3528.2263750348775,3588.110107421875,OB+FVG+BOS,2020-09-23 00:00:00+00:00,sl,-1.0,-100.0,9484.921359626203
US500,long,2020-09-25 00:00:00+00:00,3323.35009765625,3172.178885323661,3474.521309988839,3531.315708705357,3588.110107421875,OB+BOS,2020-10-28 00:00:00+00:00,tp2_sl,0.7839796340007947,78.39796340007948,9563.319323026282
US30,short,2020-09-30 00:00:00+00:00,27362.140625,27858.34305245536,26865.93819754464,26701.473981584822,26537.009765625,OB+FVG+BOS,2020-10-01 00:00:00+00:00,sl,-1.0,-100.0,9463.319323026282
US2000,short,2020-10-01 00:00:00+00:00,1498.2900390625,1545.4996512276787,1451.0804268973213,1441.825186593192,1432.5699462890625,OB+FVG,2020-10-05 00:00:00+00:00,sl,-1.0,-100.0,9363.319323026282
US30,short,2020-10-05 00:00:00+00:00,27382.939453125,28110.44356863839,26655.43533761161,26596.222551618303,26537.009765625,OB+BOS,2020-10-06 00:00:00+00:00,sl,-1.0,-100.0,9263.319323026282
US30,short,2020-10-07 00:00:00+00:00,27825.419921875,28619.11934988839,27031.72049386161,26784.365129743303,26537.009765625,OB+BOS,2020-10-09 00:00:00+00:00,sl,-1.0,-100.0,9163.319323026282
US2000,long,2020-10-27 00:00:00+00:00,1635.219970703125,1574.1875174386162,1696.2524239676338,1757.2848772321427,1818.3173304966515,OB+FVG+BOS,2020-10-28 00:00:00+00:00,sl,-1.0,-100.0,9063.319323026282
US2000,long,2020-12-02 00:00:00+00:00,1854.8699951171875,1806.9353942871094,1902.8045959472656,1950.7391967773438,1998.6737976074219,OB+FVG+BOS,2020-12-23 00:00:00+00:00,tp3,2.01,200.99999999999997,9264.319323026282
US30,long,2020-12-10 00:00:00+00:00,30319.69921875,29790.756417410714,30848.642020089286,31377.584821428572,31906.52762276786,OB+FVG+BOS,2020-12-21 00:00:00+00:00,sl,-1.0,-100.0,9164.319323026282
US500,long,2020-12-11 00:00:00+00:00,3712.389892578125,3628.0563528878347,3796.7234322684153,3881.0569719587056,3965.390511648996,OB+BOS,2021-01-29 00:00:00+00:00,tp1_sl,0.33,33.0,9197.319323026282
US30,long,2020-12-22 00:00:00+00:00,30343.58984375,29606.17459542411,31081.00509207589,31818.420340401783,32555.835588727674,OB+BOS,2021-01-27 00:00:00+00:00,tp1_sl,0.33,33.0,9230.319323026282
US2000,long,2021-01-06 00:00:00+00:00,1990.699951171875,1927.5692269461495,2053.8306753976003,2116.961399623326,2180.092123849052,OB+BOS,2021-01-25 00:00:00+00:00,tp3,2.0100000000000016,201.00000000000017,9431.319323026282
US2000,long,2021-01-28 00:00:00+00:00,2146.659912109375,2067.3421456473216,2225.9776785714284,2305.295445033482,2384.6132114955353,OB+BOS,2021-01-29 00:00:00+00:00,sl,-1.0,-100.0,9331.319323026282
US30,long,2021-02-02 00:00:00+00:00,30553.91015625,29832.27371651786,31275.54659598214,31997.183035714283,32718.819475446424,OB+BOS,2021-03-04 00:00:00+00:00,tp2_sl,0.99,99.0,9430.319323026282
US2000,long,2021-03-04 00:00:00+00:00,2124.6201171875,2053.123212541853,2196.117021833147,2257.103554861886,2318.090087890625,OB+FVG+BOS,2021-03-11 00:00:00+00:00,tp3,1.861525385809501,186.1525385809501,9616.471861607233
US500,long,2021-03-04 00:00:00+00:00,3778.050048828125,3764.806876046317,3791.293221609933,3870.8615766252788,3950.429931640625,OB+FVG+BOS,2021-03-05 00:00:00+00:00,sl,-1.0,-100.0,9516.471861607233
US30,long,2021-03-05 00:00:00+00:00,31461.970703125,30333.813825334822,32590.127580915178,33718.284458705355,34846.44133649553,OB+BOS,2021-05-10 00:00:00+00:00,tp3,2.01,200.99999999999997,9717.471861607233
US500,long,2021-03-08 00:00:00+00:00,3843.669921875,3696.389971051897,3990.949872698103,4138.229823521206,4285.509774344308,OB+FVG+BOS,2021-06-25 00:00:00+00:00,tp3,2.01,200.99999999999997,9918.471861607233
US2000,long,2021-04-14 00:00:00+00:00,2237.3798828125,2186.7574637276784,2288.0023018973216,2324.086111886161,2360.169921875,OB+FVG+BOS,2021-04-20 00:00:00+00:00,sl,-1.0,-100.0,9818.471861607233
US2000,long,2021-04-22 00:00:00+00:00,2231.1298828125,2158.37100655692,2303.88875906808,2332.0293404715403,2360.169921875,OB+FVG+BOS,2021-05-04 00:00:00+00:00,tp1_sl,0.33,33.0,9851.471861607233
US2000,long,2021-06-16 00:00:00+00:00,2327.8701171875,2287.4617919921875,2368.2784423828125,2408.686767578125,2449.0950927734375,OB+FVG+BOS,2021-06-17 00:00:00+00:00,sl,-1.0,-100.0,9751.471861607233
US2000,short,2021-07-29 00:00:00+00:00,2190.659912109375,2258.8678850446427,2122.4519391741073,2114.761003766741,2107.070068359375,OB+BOS,2021-08-23 00:00:00+00:00,tp1_sl,0.33,33.0,9784.471861607233
US2000,long,2021-09-16 00:00:00+00:00,2249.93994140625,2191.8645542689733,2308.0153285435267,2308.9926496233256,2309.969970703125,OB+BOS,2021-09-20 00:00:00+00:00,sl,-1.0,-100.0,9684.471861607233
US2000,long,2021-09-23 00:00:00+00:00,2233.10009765625,2171.235089983259,2294.965105329241,2302.467538016183,2309.969970703125,OB+FVG+BOS,2021-10-25 00:00:00+00:00,tp3,1.1224837319000225,112.24837319000225,9796.720234797234
US2000,long,2021-11-12 00:00:00+00:00,2428.969970703125,2372.8671351841517,2485.0728062220983,2541.1756417410716,2597.278477260045,OB+FVG+BOS,2021-11-17 00:00:00+00:00,sl,-1.0,-100.0,9696.720234797234
US2000,short,2021-12-07 00:00:00+00:00,2154.6201171875,2245.549298967634,2063.690935407366,1972.7617536272319,1881.8325718470978,OB+FVG+BOS,2021-12-08 00:00:00+00:00,sl,-1.0,-100.0,9596.720234797234
US2000,short,2022-01-04 00:00:00+00:00,2246.7099609375,2304.6327601841517,2188.7871616908483,2148.233546665737,2107.679931640625,OB+BOS,2022-01-18 00:00:00+00:00,tp3,1.707133489887928,170.7133489887928,9767.433583786027
US2000,short,2022-01-27 00:00:00+00:00,1931.43994140625,2077.1654663085938,1785.7144165039062,1639.9888916015625,1494.2633666992188,OB+FVG+BOS,2022-02-09 00:00:00+00:00,sl,-1.0,-100.0,9667.433583786027
US2000,short,2022-02-11 00:00:00+00:00,2046.760009765625,2134.8196149553573,1958.7004045758927,1930.0301949637276,1901.3599853515625,OB+BOS,2022-02-24 00:00:00+00:00,tp3,1.3288330857933834,132.88330857933835,9800.316892365367
US30,long,2022-02-24 00:00:00+00:00,32787.98828125,32491.88330078125,33084.09326171875,34798.986083984375,36513.87890625,OB+FVG+BOS,2022-03-08 00:00:00+00:00,tp1_sl,0.33,33.0,9833.316892365367
US500,long,2022-02-24 00:00:00+00:00,4204.77978515625,4157.227399553572,4252.332170758928,4500.581124441964,4748.830078125,OB+FVG+BOS,2022-03-07 00:00:00+00:00,tp1_sl,0.33,33.0,9866.316892365367
US2000,short,2022-03-03 00:00:00+00:00,2009.010009765625,2092.198172433036,1925.8218470982142,1910.1358991350446,1894.449951171875,OB+FVG+BOS,2022-03-21 00:00:00+00:00,sl,-1.0,-100.0,9766.316892365367
US500,short,2022-03-28 00:00:00+00:00,4547.0,4640.489222935268,4453.510777064732,4284.080339704241,4114.64990234375,OB+FVG+BOS,2022-05-02 00:00:00+00:00,tp3,2.830422120981608,283.0422120981608,10049.359104463527
US500,short,2022-05-26 00:00:00+00:00,4033.929931640625,4112.046421595982,3955.813441685268,3883.0667550223216,3810.320068359375,OB+FVG+BOS,2022-05-27 00:00:00+00:00,sl,-1.0,-100.0,9949.359104463527
US2000,short,2022-05-27 00:00:00+00:00,1875.3599853515625,1962.207523890904,1788.512446812221,1744.8312356131419,1701.1500244140625,OB+FVG+BOS,2022-06-14 00:00:00+00:00,tp3,1.507993940335854,150.7993940335854,10100.158498497112
US500,short,2022-06-07 00:00:00+00:00,4074.3701171875,4215.5765380859375,3933.1636962890625,3871.7418823242188,3810.320068359375,OB+BOS,2022-06-13 00:00:00+00:00,tp3,1.4393286913568295,143.93286913568295,10244.091367632795
US2000,short,2022-06-29 00:00:00+00:00,1720.0400390625,1816.7806658063616,1623.2994123186384,1526.5587855747767,1429.818158830915,OB+FVG+BOS,2022-07-20 00:00:00+00:00,sl,-1.0,-100.0,10144.091367632795
US500,short,2022-06-29 00:00:00+00:00,3821.75,3995.078691755022,3648.421308244978,3642.645712716239,3636.8701171875,OB+FVG+BOS,2022-07-21 00:00:00+00:00,sl,-1.0,-100.0,10044.091367632795
US500,long,2022-09-07 00:00:00+00:00,3942.550048828125,3853.014622279576,4032.085475376674,4178.682630266462,4325.27978515625,OB+BOS,2022-09-13 00:00:00+00:00,tp1_sl,0.33,33.0,10077.091367632795
US2000,long,2022-09-19 00:00:00+00:00,1813.8599853515625,1759.8214634486608,1867.8985072544642,1948.9742780412946,2030.050048828125,OB+FVG+BOS,2022-09-22 00:00:00+00:00,sl,-1.0,-100.0,9977.091367632795
US2000,short,2022-10-13 00:00:00+00:00,1732.0899658203125,1759.7575509207588,1704.4223807198662,1677.566170828683,1650.7099609375,OB+FVG+BOS,2022-10-17 00:00:00+00:00,tp1_sl,0.33,33.0,10010.091367632795
US100,long,2022-10-13 00:00:00+00:00,10662.1904296875,10596.259033203125,10728.121826171875,11740.475952148438,12752.830078125,OB+FVG+BOS,2022-11-04 00:00:00+00:00,tp1_sl,0.33,33.0,10043.091367632795
US500,short,2022-10-25 00:00:00+00:00,3838.5,3947.4486258370534,3729.5513741629466,3610.5657261439733,3491.580078125,OB+FVG+BOS,2022-11-08 00:00:00+00:00,tp1_sl,0.33,33.0,10076.091367632795
US500,long,2022-11-09 00:00:00+00:00,3750.590087890625,3727.450666155134,3773.729509626116,3842.759774344308,3911.7900390625,OB+FVG+BOS,2022-11-10 00:00:00+00:00,tp3,4.01306437828727,401.306437828727,10477.397805461522
US2000,short,2022-11-10 00:00:00+00:00,1833.5899658203125,1883.343510219029,1783.836421421596,1712.8881814139231,1641.93994140625,OB+FVG+BOS,2022-11-11 00:00:00+00:00,sl,-1.0,-100.0,10377.397805461522
US100,short,2022-11-11 00:00:00+00:00,11752.4296875,12209.847726004464,11295.011648995536,10867.825648716518,10440.6396484375,OB+FVG+BOS,2023-01-23 00:00:00+00:00,tp2_sl,0.9681893765120948,96.81893765120948,10474.216743112731
US500,long,2022-12-07 00:00:00+00:00,4001.510009765625,3890.0081089564733,4113.011910574776,4224.513811383928,4336.015712193081,OB+FVG+BOS,2022-12-15 00:00:00+00:00,sl,-1.0,-100.0,10374.216743112731
US2000,long,2022-12-09 00:00:00+00:00,1796.8499755859375,1738.3963797433037,1855.3035714285713,1880.571768624442,1905.8399658203125,OB+FVG+BOS,2022-12-15 00:00:00+00:00,tp2_sl,0.8026517043893396,80.26517043893396,10454.481913551666
US2000,long,2022-12-21 00:00:00+00:00,1765.5400390625,1716.089612688337,1814.990465436663,1860.4152156284877,1905.8399658203125,OB+FVG+BOS,2023-01-26 00:00:00+00:00,tp3,1.9277775958209713,192.77775958209713,10647.259673133763
US500,long,2022-12-23 00:00:00+00:00,3853.260009765625,3728.50390625,3978.01611328125,4039.488037109375,4100.9599609375,OB+BOS,2023-02-01 00:00:00+00:00,tp3,1.4976641728685465,149.76641728685465,10797.026090420617
US500,long,2023-02-13 00:00:00+00:00,4156.22998046875,4029.9507359095983,4282.509225027901,4408.788469587053,4535.067714146206,OB+BOS,2023-02-21 00:00:00+00:00,sl,-1.0,-100.0,10697.026090420617
US100,long,2023-02-14 00:00:00+00:00,12375.7197265625,12169.542759486607,12581.896693638393,12731.438581194197,12880.98046875,OB+BOS,2023-02-17 00:00:00+00:00,tp1_sl,0.33,33.0,10730.026090420617
US2000,long,2023-02-14 00:00:00+00:00,1963.8499755859375,1896.192836216518,2031.507114955357,2099.1642543247767,2166.8213936941966,OB+BOS,2023-02-21 00:00:00+00:00,sl,-1.0,-100.0,10630.026090420617
US2000,long,2023-02-24 00:00:00+00:00,1937.050048828125,1867.976850237165,2006.123247419085,2006.7166530064173,2007.31005859375,OB+BOS,2023-03-08 00:00:00+00:00,sl,-1.0,-100.0,10530.026090420617
US100,long,2023-03-09 00:00:00+00:00,12054.48046875,11723.429164341518,12385.531773158482,12633.25612095424,12880.98046875,OB+FVG+BOS,2023-03-13 00:00:00+00:00,sl,-1.0,-100.0,10430.026090420617
US100,long,2023-03-15 00:00:00+00:00,12069.6201171875,11916.818673270089,12222.421561104911,12551.701014927456,12880.98046875,OB+BOS,2023-03-22 00:00:00+00:00,tp3,3.1764993826925108,317.6499382692511,10747.676028689868
US2000,short,2023-03-22 00:00:00+00:00,1761.8699951171875,1810.8278503417969,1712.9121398925781,1663.9542846679688,1614.9964294433594,OB+BOS,2023-03-27 00:00:00+00:00,tp1_sl,0.33,33.0,10780.676028689868
US500,long,2023-03-31 00:00:00+00:00,4136.5400390625,4016.9506487165177,4256.129429408482,4375.718819754465,4495.3082101004475,OB+FVG+BOS,2023-07-13 00:00:00+00:00,tp3,2.0100000000000016,201.00000000000017,10981.676028689868
US2000,short,2023-04-11 00:00:00+00:00,1775.050048828125,1825.7945905412946,1724.3055071149554,1709.7677437918528,1695.22998046875,OB+FVG+BOS,2023-05-17 00:00:00+00:00,tp2_sl,0.7545414370621615,75.45414370621614,11057.130172396086
US100,long,2023-04-13 00:00:00+00:00,13071.98046875,12735.23570033482,13408.72523716518,13745.470005580359,14082.214773995538,OB+BOS,2023-04-25 00:00:00+00:00,sl,-1.0,-100.0,10957.130172396086
US2000,long,2023-06-01 00:00:00+00:00,1765.4100341796875,1722.4388689313616,1808.3811994280134,1812.3906119210378,1816.4000244140625,OB+BOS,2023-06-02 00:00:00+00:00,tp3,1.0942377660590097,109.42377660590097,11066.553949001986
US2000,long,2023-06-21 00:00:00+00:00,1871.489990234375,1839.7174464634486,1903.2625340053014,1905.0462450299945,1906.8299560546875,OB+BOS,2023-06-23 00:00:00+00:00,sl,-1.0,-100.0,10966.553949001986
US100,long,2023-06-23 00:00:00+00:00,15038.900390625,14686.862723214286,15390.938058035714,15742.975725446428,16095.013392857141,OB+FVG+BOS,2023-08-11 00:00:00+00:00,tp2_sl,0.99,99.0,11065.553949001986
US2000,long,2023-07-06 00:00:00+00:00,1838.1600341796875,1829.9361267089844,1846.3839416503906,1876.606948852539,1906.8299560546875,OB+FVG+BOS,2023-07-11 00:00:00+00:00,tp3,4.711768083835224,471.1768083835224,11536.730757385509
US30,short,2023-07-26 00:00:00+00:00,35614.8984375,36135.548549107145,35094.248325892855,34352.28431919643,33610.3203125,OB+FVG+BOS,2023-09-26 00:00:00+00:00,tp3,2.4393229350324948,243.93229350324947,11780.663050888757
US2000,long,2023-08-17 00:00:00+00:00,1867.1300048828125,1847.7075456891741,1886.5524640764509,1945.086229596819,2003.6199951171875,OB+FVG+BOS,2023-08-18 00:00:00+00:00,sl,-1.0,-100.0,11680.663050888757
US100,short,2023-08-25 00:00:00+00:00,14947.580078125,15397.09877232143,14498.06138392857,14048.542689732141,13599.023995535712,OB+FVG+BOS,2023-08-30 00:00:00+00:00,sl,-1.0,-100.0,11580.663050888757
US2000,long,2023-09-01 00:00:00+00:00,1953.1400146484375,1890.172162737165,2016.10786655971,2079.0757184709823,2142.043570382255,OB+BOS,2023-09-05 00:00:00+00:00,sl,-1.0,-100.0,11480.663050888757
US100,short,2023-09-15 00:00:00+00:00,15337.1796875,15608.180280412946,15066.179094587054,14812.004586356026,14557.830078125,OB+FVG+BOS,2023-09-26 00:00:00+00:00,tp3,1.9472903751018857,194.72903751018856,11675.392088398947
US100,short,2023-09-29 00:00:00+00:00,14510.169921875,14892.390869140625,14127.948974609375,13745.72802734375,13363.507080078125,OB+FVG+BOS,2023-10-06 00:00:00+00:00,sl,-1.0,-100.0,11575.392088398947
US2000,short,2023-10-02 00:00:00+00:00,1777.8900146484375,1821.0463649204798,1734.7336643763952,1691.5773141043528,1648.4209638323105,OB+FVG+BOS,2023-10-10 00:00:00+00:00,tp1_sl,0.33,33.0,11608.392088398947
US500,long,2023-10-26 00:00:00+00:00,4165.740234375,4135.563703264509,4195.916765485491,4353.953499930245,4511.990234375,OB+FVG+BOS,2023-10-27 00:00:00+00:00,sl,-1.0,-100.0,11508.392088398947
US30,short,2023-11-14 00:00:00+00:00,34545.3515625,34915.126255580355,34175.576869419645,33251.38804408482,32327.19921875,OB+BOS,2023-11-15 00:00:00+00:00,sl,-1.0,-100.0,11408.392088398947
US500,short,2023-11-14 00:00:00+00:00,4478.68994140625,4516.613560267857,4440.766322544643,4272.273053850447,4103.77978515625,OB+FVG+BOS,2023-11-15 00:00:00+00:00,sl,-1.0,-100.0,11308.392088398947
US100,long,2023-11-28 00:00:00+00:00,16045.2998046875,15844.591552734375,16246.008056640625,16446.71630859375,16647.424560546875,OB+FVG+BOS,2023-11-30 00:00:00+00:00,sl,-1.0,-100.0,11208.392088398947
US500,long,2023-12-01 00:00:00+00:00,4587.64013671875,4519.827340262277,4655.452933175223,4723.265729631696,4791.0785260881685,OB+FVG+BOS,2023-12-28 00:00:00+00:00,tp3,2.01,200.99999999999997,11409.392088398947
US100,long,2023-12-01 00:00:00+00:00,16013.48046875,15739.040771484375,16287.920166015625,16562.35986328125,16836.799560546875,OB+BOS,2023-12-04 00:00:00+00:00,sl,-1.0,-100.0,11309.392088398947
US100,long,2023-12-05 00:00:00+00:00,16013.48046875,15608.625558035714,16418.335379464286,16823.190290178572,17228.04520089286,OB+BOS,2024-01-19 00:00:00+00:00,tp3,2.01,200.99999999999997,11510.392088398947
US30,long,2023-12-22 00:00:00+00:00,37641.30078125,36991.4921875,38291.109375,38940.91796875,39590.7265625,OB+FVG+BOS,2024-03-21 00:00:00+00:00,tp3,2.01,200.99999999999997,11711.392088398947
US2000,long,2024-01-12 00:00:00+00:00,1964.22998046875,1919.814222063337,2008.645738874163,2040.212884085519,2071.780029296875,OB+BOS,2024-01-17 00:00:00+00:00,sl,-1.0,-100.0,11611.392088398947
US2000,long,2024-02-02 00:00:00+00:00,2003.1500244140625,1919.8174700055804,2086.4825788225444,2169.8151332310267,2253.147687639509,OB+BOS,2024-04-12 00:00:00+00:00,tp1_sl,0.33,33.0,11644.392088398947
US100,long,2024-02-21 00:00:00+00:00,17375.3203125,17071.71951729911,17678.92110770089,17860.185163225447,18041.44921875,OB+FVG+BOS,2024-02-23 00:00:00+00:00,tp3,1.6030178411049927,160.30178411049926,11804.693872509446
US100,long,2024-02-29 00:00:00+00:00,17931.009765625,17732.255929129464,18129.763602120536,18328.517438616072,18527.27127511161,OB+FVG+BOS,2024-03-05 00:00:00+00:00,tp2_sl,0.99,99.0,11903.693872509446
US100,long,2024-03-06 00:00:00+00:00,18097.5,17691.67110770089,18503.32889229911,18909.157784598217,19314.986676897326,OB+FVG+BOS,2024-04-15 00:00:00+00:00,sl,-1.0,-100.0,11803.693872509446
US2000,short,2024-04-26 00:00:00+00:00,1957.8199462890625,2001.1192932128906,1914.5205993652344,1871.2212524414062,1827.9219055175781,OB+BOS,2024-04-29 00:00:00+00:00,sl,-1.0,-100.0,11703.693872509446
US100,short,2024-05-01 00:00:00+00:00,17533.080078125,17922.238211495536,17143.921944754464,17058.93069893973,16973.939453125,OB+FVG,2024-05-03 00:00:00+00:00,sl,-1.0,-100.0,11603.693872509446
US2000,short,2024-05-02 00:00:00+00:00,1968.030029296875,2034.761029924665,1901.299028669085,1834.5680280412948,1767.8370274135048,OB+BOS,2024-05-03 00:00:00+00:00,sl,-1.0,-100.0,11503.693872509446
US30,long,2024-05-22 00:00:00+00:00,40077.3984375,39641.27720424107,40513.51967075893,40949.640904017855,41385.76213727678,OB+FVG+BOS,2024-05-23 00:00:00+00:00,sl,-1.0,-100.0,11403.693872509446
US2000,short,2024-06-04 00:00:00+00:00,2047.4000244140625,2100.6556091308594,1994.1444396972656,1970.9972076416016,1947.8499755859375,OB+FVG+BOS,2024-06-28 00:00:00+00:00,tp1_sl,0.33,33.0,11436.693872509446
US100,long,2024-06-04 00:00:00+00:00,18707.220703125,18287.40938895089,19127.03201729911,19546.843331473217,19966.654645647326,OB+BOS,2024-06-17 00:00:00+00:00,tp3,2.01,200.99999999999997,11637.693872509446
US30,long,2024-06-12 00:00:00+00:00,38795.7109375,38247.94475446428,39343.47712053572,39710.437779017855,40077.3984375,OB+BOS,2024-07-12 00:00:00+00:00,tp3,1.6766212967235954,167.66212967235953,11805.356002181805
US100,long,2024-06-25 00:00:00+00:00,19723.19921875,19364.95068359375,20081.44775390625,20439.6962890625,20797.94482421875,OB+FVG+BOS,2024-07-18 00:00:00+00:00,tp2_sl,0.99,99.0,11904.356002181805
US30,long,2024-08-01 00:00:00+00:00,40258.44140625,39899.08747209822,40617.79534040178,40996.897670200895,41376.0,OB+BOS,2024-08-02 00:00:00+00:00,sl,-1.0,-100.0,11804.356002181805
US2000,long,2024-09-04 00:00:00+00:00,2206.409912109375,2127.974609375,2284.84521484375,2292.422607421875,2300.0,OB+FVG+BOS,2024-09-05 00:00:00+00:00,sl,-1.0,-100.0,11704.356002181805
US30,long,2024-09-10 00:00:00+00:00,41009.390625,40294.60212053572,41724.17912946428,42438.967633928565,43153.75613839285,OB+BOS,2024-09-11 00:00:00+00:00,sl,-1.0,-100.0,11604.356002181805
US30,long,2024-09-12 00:00:00+00:00,40916.5,39733.152064732145,42099.847935267855,43283.19587053571,44466.543805803565,OB+BOS,2024-11-11 00:00:00+00:00,tp3,2.01,200.99999999999997,11805.356002181805
US100,long,2024-09-26 00:00:00+00:00,20477.0,20147.214425223214,20806.785574776786,21136.571149553572,21466.35672433036,OB+FVG+BOS,2024-09-27 00:00:00+00:00,sl,-1.0,-100.0,11705.356002181805
US2000,long,2024-11-04 00:00:00+00:00,2232.159912109375,2188.090654645647,2276.229169573103,2282.859579903739,2289.489990234375,OB+BOS,2024-11-06 00:00:00+00:00,tp3,1.1519588670050622,115.19588670050622,11820.551888882312
US2000,long,2024-12-03 00:00:00+00:00,2442.610107421875,2402.267098563058,2482.953116280692,2523.296125139509,2563.639133998326,OB+FVG+BOS,2024-12-05 00:00:00+00:00,sl,-1.0,-100.0,11720.551888882312
US30,long,2024-12-17 00:00:00+00:00,43505.66015625,43099.46484375,43911.85546875,44492.7421875,45073.62890625,OB+FVG+BOS,2024-12-18 00:00:00+00:00,sl,-1.0,-100.0,11620.551888882312
US2000,short,2025-01-07 00:00:00+00:00,2237.72998046875,2314.830793108259,2160.629167829241,2083.528355189732,2006.4275425502228,OB+FVG+BOS,2025-01-15 00:00:00+00:00,tp1_sl,0.33,33.0,11653.551888882312
US2000,short,2025-01-27 00:00:00+00:00,2289.27001953125,2339.605398995536,2238.934640066964,2198.782261439732,2158.6298828125,OB+BOS,2025-02-04 00:00:00+00:00,tp1_sl,0.33,33.0,11686.551888882312
US30,short,2025-02-03 00:00:00+00:00,44548.69140625,45277.812220982145,43819.570591517855,42832.23060825893,41844.890625,OB+BOS,2025-03-10 00:00:00+00:00,tp3,2.3676929295426303,236.76929295426302,11923.321181836574
US2000,short,2025-02-05 00:00:00+00:00,2293.7099609375,2338.000409807478,2249.419512067522,2204.024697440011,2158.6298828125,OB+FVG+BOS,2025-02-14 00:00:00+00:00,tp1_sl,0.33,33.0,11956.321181836574
US100,short,2025-03-10 00:00:00+00:00,19294.1796875,19819.45654296875,18768.90283203125,18243.6259765625,17718.34912109375,OB+BOS,2025-03-17 00:00:00+00:00,sl,-1.0,-100.0,11856.321181836574
US30,short,2025-03-20 00:00:00+00:00,41613.19140625,42552.29310825893,40674.08970424107,40667.92961774554,40661.76953125,OB+BOS,2025-03-24 00:00:00+00:00,sl,-1.0,-100.0,11756.321181836574
US2000,short,2025-03-20 00:00:00+00:00,2051.280029296875,2115.7818298339844,1986.7782287597656,1985.849136352539,1984.9200439453125,OB+BOS,2025-03-31 00:00:00+00:00,tp3,1.0145481726631638,101.45481726631638,11857.77599910289
US30,short,2025-03-27 00:00:00+00:00,42180.140625,43140.810825892855,41219.470424107145,40940.61997767857,40661.76953125,OB+BOS,2025-04-02 00:00:00+00:00,tp1_sl,0.33,33.0,11890.77599910289
US500,long,2025-04-07 00:00:00+00:00,4906.75,4833.110002790178,4980.389997209822,5512.019949776786,6043.64990234375,OB+FVG+BOS,2025-06-11 00:00:00+00:00,tp3,8.291502884807553,829.1502884807553,12719.926287583647
US2000,short,2025-04-16 00:00:00+00:00,1802.22998046875,1937.2096426827568,1667.2503182547432,1532.2706560407364,1397.2909938267296,OB+FVG,2025-04-23 00:00:00+00:00,sl,-1.0,-100.0,12619.926287583647
US30,short,2025-04-22 00:00:00+00:00,39255.2109375,40495.488002232145,38014.933872767855,37313.35756138393,36611.78125,OB+FVG,2025-04-29 00:00:00+00:00,sl,-1.0,-100.0,12519.926287583647
US100,short,2025-05-02 00:00:00+00:00,20164.0703125,20490.788922991072,19837.351702008928,18189.775460379464,16542.19921875,OB+FVG+BOS,2025-05-08 00:00:00+00:00,tp1_sl,0.33,33.0,12552.926287583647
US30,long,2025-05-23 00:00:00+00:00,42439.26953125,41455.92368861607,43422.61537388393,44405.961216517855,45389.30705915178,OB+BOS,2025-08-22 00:00:00+00:00,tp3,2.01,200.99999999999997,12753.926287583647
US2000,long,2025-05-28 00:00:00+00:00,2087.070068359375,2041.1413835797991,2132.9987531389506,2178.9274379185267,2224.856122698103,OB+FVG+BOS,2025-07-02 00:00:00+00:00,tp3,2.0100000000000016,201.00000000000017,12954.926287583647
US100,long,2025-06-18 00:00:00+00:00,21896.419921875,21544.14034598214,22248.69949776786,22600.979073660717,22953.258649553576,OB+BOS,2025-06-23 00:00:00+00:00,sl,-1.0,-100.0,12854.926287583647
US500,long,2025-06-23 00:00:00+00:00,6018.2001953125,5923.864693777902,6112.535696847098,6206.871198381696,6301.2066999162935,OB+BOS,2025-07-15 00:00:00+00:00,tp3,2.01,200.99999999999997,13055.926287583647
US100,long,2025-07-15 00:00:00+00:00,22907.0390625,22566.49560546875,23247.58251953125,23588.1259765625,23928.66943359375,OB+FVG+BOS,2025-08-01 00:00:00+00:00,tp2_sl,0.99,99.0,13154.926287583647
US2000,long,2025-07-17 00:00:00+00:00,2257.570068359375,2173.0928955078125,2342.0472412109375,2426.5244140625,2511.0015869140625,OB+FVG+BOS,2025-08-01 00:00:00+00:00,sl,-1.0,-100.0,13054.926287583647
US500,long,2025-07-17 00:00:00+00:00,6302.0400390625,6177.63947405134,6426.44060407366,6550.841169084821,6675.241734095981,OB+FVG+BOS,2025-08-01 00:00:00+00:00,tp1_sl,0.33,33.0,13087.926287583647
US100,long,2025-08-20 00:00:00+00:00,22972.470703125,22852.50069754464,23092.44070870536,23530.860002790178,23969.279296875,OB+FVG+BOS,2025-09-11 00:00:00+00:00,tp3,4.690951624813156,469.0951624813156,13557.021450064962
US500,long,2025-08-21 00:00:00+00:00,6408.39990234375,6314.234514508928,6502.565290178572,6596.730678013393,6690.896065848215,OB+FVG+BOS,2025-09-02 00:00:00+00:00,tp1_sl,0.33,33.0,13590.021450064962
US30,long,2025-09-04 00:00:00+00:00,45616.16015625,44765.23590959822,46467.08440290178,47318.008649553565,48168.93289620535,OB+FVG+BOS,2025-10-10 00:00:00+00:00,tp1_sl,0.33,33.0,13623.021450064962
US2000,long,2025-09-04 00:00:00+00:00,2382.1298828125,2314.2067522321427,2450.0530133928573,2517.9761439732147,2585.899274553572,OB+FVG+BOS,2025-11-07 00:00:00+00:00,tp2_sl,0.99,99.0,13722.021450064962
US500,long,2025-09-04 00:00:00+00:00,6491.759765625,6391.200282505581,6592.319248744419,6692.878731863839,6793.438214983258,OB+FVG+BOS,2025-10-24 00:00:00+00:00,tp3,2.01,200.99999999999997,13923.021450064962
US30,long,2025-10-15 00:00:00+00:00,46641.73828125,45206.412109375,48077.064453125,49512.390625,50947.716796875,OB+BOS,2025-11-17 00:00:00+00:00,tp1_sl,0.33,33.0,13956.021450064962
US100,long,2025-10-20 00:00:00+00:00,24998.30078125,24322.773018973214,25673.828543526786,26349.356305803572,27024.88406808036,OB+BOS,2025-11-07 00:00:00+00:00,tp1_sl,0.33,33.0,13989.021450064962
US2000,long,2025-11-10 00:00:00+00:00,2461.469970703125,2359.7782854352677,2563.1616559709823,2664.8533412388397,2766.545026506697,OB+BOS,2025-11-14 00:00:00+00:00,sl,-1.0,-100.0,13889.021450064962
US100,long,2025-11-11 00:00:00+00:00,25568.240234375,25151.54422433036,25984.93624441964,26083.517926897322,26182.099609375,OB+FVG+BOS,2025-11-13 00:00:00+00:00,sl,-1.0,-100.0,13789.021450064962
US100,long,2025-11-17 00:00:00+00:00,25396.009765625,24323.808035714286,26468.211495535714,27540.413225446428,28612.61495535714,OB+FVG+BOS,2025-11-18 00:00:00+00:00,sl,-1.0,-100.0,13689.021450064962
US500,long,2025-11-18 00:00:00+00:00,6754.5,6596.934919084822,6912.065080915178,6916.202462332589,6920.33984375,OB+FVG+BOS,2025-11-20 00:00:00+00:00,sl,-1.0,-100.0,13589.021450064962
US30,long,2025-11-20 00:00:00+00:00,47202.55859375,46147.869419642855,48257.247767857145,48344.40904017857,48431.5703125,OB+FVG+BOS,2025-11-21 00:00:00+00:00,sl,-1.0,-100.0,13489.021450064962
US100,long,2025-11-20 00:00:00+00:00,24735.119140625,24201.030901227678,25269.207380022322,25725.65349469866,26182.099609375,OB+BOS,2025-11-21 00:00:00+00:00,sl,-1.0,-100.0,13389.021450064962
US500,long,2025-11-24 00:00:00+00:00,6770.35009765625,6469.460972377232,7071.239222935268,7372.128348214286,7673.017473493304,OB+BOS,2026-03-27 00:00:00+00:00,sl,-1.0,-100.0,13289.021450064962
US30,long,2025-11-24 00:00:00+00:00,46856.75,45468.24567522322,48245.25432477678,48338.412318638395,48431.5703125,OB+BOS,2025-12-11 00:00:00+00:00,tp3,1.0677632558439112,106.77632558439112,13395.797775649353
US100,long,2025-12-12 00:00:00+00:00,25828.16015625,25199.510811941964,26456.809500558036,27085.458844866072,27714.10818917411,OB+BOS,2025-12-15 00:00:00+00:00,sl,-1.0,-100.0,13295.797775649353
US2000,long,2025-12-17 00:00:00+00:00,2536.6201171875,2489.615059988839,2583.625174386161,2589.8025774274556,2595.97998046875,OB+FVG+BOS,2025-12-31 00:00:00+00:00,sl,-1.0,-100.0,13195.797775649353
US100,long,2025-12-19 00:00:00+00:00,25164.1796875,24752.46854073661,25575.89083426339,25705.460065569197,25835.029296875,OB+BOS,2026-01-02 00:00:00+00:00,tp2_sl,0.7638539924581853,76.38539924581853,13272.183174895172
US30,long,2026-01-23 00:00:00+00:00,49005.01171875,48260.92578125,49749.09765625,50493.18359375,51237.26953125,OB+FVG+BOS,2026-02-23 00:00:00+00:00,tp2_sl,0.99,99.0,13371.183174895172
US30,long,2026-02-25 00:00:00+00:00,49695.609375,48429.4931640625,50961.7255859375,52227.841796875,53493.9580078125,OB+BOS,2026-03-02 00:00:00+00:00,sl,-1.0,-100.0,13271.183174895172
US2000,long,2026-03-09 00:00:00+00:00,2501.77001953125,2501.70077078683,2501.83926827567,2607.269609723772,2712.699951171875,OB+FVG+BOS,2026-03-12 00:00:00+00:00,tp1_sl,0.33,33.0,13304.183174895172
US2000,short,2026-03-24 00:00:00+00:00,2465.39990234375,2558.5339791434153,2372.2658255440847,2279.1317487444194,2185.997671944754,OB+BOS,2026-04-08 00:00:00+00:00,sl,-1.0,-100.0,13204.183174895172
US100,short,2026-03-24 00:00:00+00:00,24100.880859375,24682.845354352678,23518.916364397322,22936.951869419645,22354.987374441967,OB+FVG+BOS,2026-04-01 00:00:00+00:00,tp2_sl,0.99,99.0,13303.183174895172
US30,short,2026-04-02 00:00:00+00:00,46396.12109375,47154.535853794645,45637.706333705355,45347.49379185268,45057.28125,OB+FVG,2026-04-08 00:00:00+00:00,sl,-1.0,-100.0,13203.183174895172
US2000,long,2026-04-24 00:00:00+00:00,2796.10009765625,2720.5968191964284,2871.6033761160716,2947.106654575893,3022.6099330357147,OB+FVG+BOS,2026-05-15 00:00:00+00:00,tp1_sl,0.33,33.0,13236.183174895172
US500,long,2026-04-24 00:00:00+00:00,7147.77978515625,7007.1697998046875,7288.3897705078125,7428.999755859375,7569.6097412109375,OB+FVG+BOS,2026-05-29 00:00:00+00:00,tp3,2.01,200.99999999999997,13437.183174895172
US30,long,2026-04-24 00:00:00+00:00,49848.69140625,48556.58147321428,51140.80133928572,52432.911272321435,53725.02120535715,OB+FVG+BOS,2026-06-18 00:00:00+00:00,open_close,1.271953399344664,127.19533993446639,13564.378514829637
US100,long,2026-05-20 00:00:00+00:00,29250.150390625,28335.1669921875,30165.1337890625,31080.1171875,31995.1005859375,OB+FVG+BOS,2026-06-05 00:00:00+00:00,tp1_sl,0.33,33.0,13597.378514829637
US2000,long,2026-06-02 00:00:00+00:00,2932.570068359375,2856.964861188616,3008.175275530134,3083.780482700893,3159.385689871652,OB+FVG+BOS,2026-06-05 00:00:00+00:00,sl,-1.0,-100.0,13497.378514829637
US100,long,2026-06-15 00:00:00+00:00,30762.19921875,29884.52197265625,31639.87646484375,32517.5537109375,33395.23095703125,OB+FVG,2026-06-17 00:00:00+00:00,sl,-1.0,-100.0,13397.378514829637
